Activity Id,Date,Type,Route Name,Distance (km),Duration,Average Pace,Average Speed (km/h),Calories Burned,Climb (m),Average Heart Rate (bpm),Friend's Tagged,Notes,GPX File
20ffab2d-c5c2-4296-8a25-6264a28350b9,2019-06-14 06:40:15,Running,,5.12,40:19,7:53,7.62,308.0,34,,"","",2019-06-14-064015.gpx
19c43b36-a3d2-4020-94c6-a35ac74abf74,2019-06-12 06:39:33,Running,,5.29,40:23,7:38,7.86,332.0,48,,"","",2019-06-12-063933.gpx
33ac7d10-9bca-4672-9946-d572211ee51c,2019-06-09 13:23:24,Running,,3.55,26:24,7:26,8.07,215.0,27,,"","",2019-06-09-132324.gpx
3ac222b8-5c6c-4b70-a23c-bebd27427ae0,2019-06-09 12:16:12,Running,,3.24,23:56,7:23,8.13,198.0,26,,"","",2019-06-09-121612.gpx
46aa523c-c3f9-4e7e-b259-9c4a5c19e8e5,2019-06-04 06:45:24,Running,,4.79,40:06,8:22,7.17,290.0,32,,"","",2019-06-04-064524.gpx
02501e9d-0e56-47e4-b3a0-a199d3a5bbb2,2019-05-26 10:01:36,Running,,6.03,46:01,7:38,7.86,381.0,74,,"","",2019-05-26-100136.gpx
643c0ef7-e51b-4b50-826b-d132b7959d2e,2019-05-21 06:41:36,Running,,6.08,47:10,7:45,7.73,364.0,37,,"","",2019-05-21-064136.gpx
b43fd273-3449-4a6c-9a60-bc6405d19de0,2019-05-19 11:19:38,Running,,9.60,1:21:56,8:32,7.03,564.0,77,,"","",2019-05-19-111938.gpx
9ededd05-c8c9-456d-ab4d-a83dc8244028,2019-05-17 06:50:18,Running,,3.86,33:06,8:35,6.99,220.0,30,,"","",2019-05-17-065018.gpx
5ee4d5f9-7069-44a2-a36e-c24e0302b400,2019-05-14 06:35:53,Running,,5.62,43:17,7:42,7.80,337.0,30,,"","",2019-05-14-063553.gpx
009d5185-d803-4533-af58-8198ba06da8b,2019-05-12 13:24:20,Running,,5.41,42:17,7:49,7.68,335.0,61,,"","",2019-05-12-132420.gpx
38ec1fa4-6361-4e62-8410-f22ab3e103cc,2019-05-05 10:14:58,Running,,11.66,1:37:27,8:22,7.18,758.0,321,,"","",2019-05-05-101458.gpx
19fdb5a1-4b8e-4490-b362-d2c21ea07ffe,2019-04-30 19:01:26,Running,,3.23,30:05,9:18,6.45,182.0,19,,"","",2019-04-30-190126.gpx
1e1c8bd7-f800-415f-84be-11a9a13cb2c1,2019-04-28 12:59:13,Running,,7.23,57:13,7:55,7.58,440.0,85,,"","",2019-04-28-125913.gpx
7204bd71-ee96-454e-ac1d-1fd993ebec41,2019-04-23 06:48:11,Running,,5.06,40:16,7:58,7.54,300.0,28,,"","",2019-04-23-064811.gpx
35842a8c-9221-43d9-85af-d1ee0defffe4,2019-04-20 08:51:13,Running,,5.54,41:19,7:27,8.05,340.0,46,,"","",2019-04-20-085113.gpx
a1034394-05c0-4819-a607-1d0cfd81744a,2019-04-14 08:23:14,Running,,6.48,57:10,8:49,6.80,378.0,47,,"","",2019-04-14-082314.gpx
d561ba70-21e6-44dc-bb26-0d2b5dffac81,2019-04-12 09:02:27,Running,,3.41,30:15,8:53,6.76,195.0,29,,"","",2019-04-12-090227.gpx
e02021a5-2988-4c56-8548-5f076c586107,2019-04-10 10:10:56,Running,,4.02,28:26,7:04,8.49,246.0,19,,"","",2019-04-10-101056.gpx
ccf47ed6-1fad-446f-beff-662b9baaa9f6,2019-04-01 18:53:22,Running,,3.72,31:15,8:24,7.15,214.0,17,,"","",2019-04-01-185322.gpx
af85b6c7-2a02-45bf-bf2e-7945ee553873,2019-03-31 11:40:44,Running,,9.04,1:18:54,8:44,6.88,532.0,99,,"","",2019-03-31-114044.gpx
e65222dc-d220-4b87-91c0-6c5ee93dfadb,2019-03-26 18:09:13,Running,,3.10,27:13,8:46,6.84,176.0,21,,"","",2019-03-26-180913.gpx
844f4c17-745b-4b46-a4ec-8946b7f3d0dc,2019-03-23 10:30:17,Running,,12.27,2:04:29,10:09,5.91,749.0,158,,"","",2019-03-23-103017.gpx
0d851f7b-411a-42ec-a167-550fe2b970dd,2019-03-13 06:55:31,Running,,4.88,40:21,8:16,7.26,291.0,28,,"","",2019-03-13-065531.gpx
cd6c6cb2-06b0-41c3-8e9e-bc5630314082,2019-03-09 09:32:19,Running,,4.30,29:37,6:54,8.70,311.0,160,,"","",2019-03-09-093219.gpx
9974340f-21de-4e1a-92bc-b48979feadfe,2019-03-05 06:36:45,Running,,4.22,35:26,8:24,7.14,245.0,25,,"","",2019-03-05-063645.gpx
98b629ab-d9a8-4e65-935e-e70e7a4b5004,2019-03-03 10:09:22,Running,,10.04,1:22:12,8:11,7.33,594.0,97,,"","",2019-03-03-100922.gpx
0b464437-3c8f-4254-8727-40349d33ed84,2019-02-27 06:39:54,Running,,3.17,27:24,8:38,6.94,181.0,16,,"","",2019-02-27-063954.gpx
4e2c98e7-9c16-4e07-87d5-0069d0ae2a27,2019-02-25 06:44:47,Running,,3.48,30:17,8:42,6.90,201.0,18,,"","",2019-02-25-064447.gpx
ce4655b0-0b92-442b-b940-c9170c314b35,2019-02-23 09:43:44,Running,,11.04,1:36:55,8:47,6.84,658.0,90,,"","",2019-02-23-094344.gpx
742ee9f0-fcb3-46d8-a05d-ffb09d86e511,2019-02-21 06:52:07,Running,,3.03,25:34,8:26,7.12,180.0,17,,"","",2019-02-21-065207.gpx
f11577fb-7d26-4124-95db-4dbcd2a340dc,2019-02-20 07:00:39,Running,,2.86,23:23,8:10,7.35,160.0,12,,"","",2019-02-20-070039.gpx
b6d33f00-067f-47e2-a3cb-5ad7f36ea472,2019-02-17 09:26:10,Running,,11.07,1:34:29,8:32,7.03,638.0,76,,"","",2019-02-17-092610.gpx
719e33d6-704d-4278-b123-ef53eea418c7,2019-02-15 06:45:17,Running,,2.91,25:11,8:39,6.94,167.0,18,,"","",2019-02-15-064517.gpx
d5288e1c-39f4-4536-bdcf-348132bd19f1,2019-02-12 06:35:02,Running,,3.49,30:29,8:45,6.86,200.0,20,,"","",2019-02-12-063502.gpx
96607b9f-a10d-4f3e-832a-2168d3f1c3e6,2019-02-10 09:44:12,Running,,10.06,1:28:10,8:46,6.84,579.0,94,,"","",2019-02-10-094412.gpx
da1596a8-d11b-4eda-8709-e47dc8db7fdc,2019-02-08 06:44:21,Running,,2.72,23:14,8:32,7.04,155.0,17,,"","",2019-02-08-064421.gpx
4c65b9bd-df39-4ad5-8be8-9cdf9637e303,2019-02-05 17:46:50,Running,,5.18,45:23,8:46,6.85,297.0,26,,"","",2019-02-05-174650.gpx
3b9a10bb-cd3a-449a-a47b-1a46792cb26d,2019-02-03 14:56:02,Running,,9.04,1:18:36,8:42,6.90,526.0,76,,"","",2019-02-03-145602.gpx
a639f42d-c0e9-42a4-908b-ca933011a407,2019-01-29 16:27:16,Running,,4.75,40:07,8:26,7.11,271.0,38,,"","Z2: HR 135 BPM, Cadence: 175 BPM.",2019-01-29-162716.gpx
111a3965-dfda-4c54-8130-0c61d518b5af,2019-01-24 09:10:57,Running,,3.79,30:00,7:55,7.58,219.0,0,116,"","5'Z1 (10MIN/km) 5'Z2 (8min/km) 5x1'Z5 (5.42min/km) +2minZ2 5'Z1 (10.45min/km) HRZ5:165bpm",
345a1b71-ac53-40f5-9c2c-71895787bc34,2019-01-21 09:25:47,Running,,5.45,45:31,8:21,7.19,318.0,36,,"","Z2: HR 144-148, cadence 175",2019-01-21-092547.gpx
c1221ba2-7e17-4c5a-ad5c-3d749b16e8d2,2019-01-19 12:41:16,Running,,9.30,1:17:54,8:23,7.16,540.0,86,,"","Z2: HF 132-145, Cadence 175",2019-01-19-124116.gpx
095b6a90-4a8b-4d38-a656-303243eeb247,2019-01-16 12:09:57,Running,,4.94,40:08,8:07,7.39,277.0,30,,"","Heart 139-147 BPM, cadence 175 BPM (in Z2).",2019-01-16-120957.gpx
1326a4e9-98bd-4d9f-8e7b-6dbd3f4d3716,2019-01-13 10:43:59,Running,,10.72,1:20:17,7:29,8.01,686.0,91,,"","",2019-01-13-104359.gpx
785b0baf-607c-4a0f-a938-521dfecce1b0,2019-01-05 09:48:14,Running,,7.59,1:06:35,8:46,6.84,423.0,54,,"","",2019-01-05-094814.gpx
049cd80b-7815-49d9-a9f5-bf009b059ccf,2019-01-01 12:35:54,Running,,6.80,49:05,7:13,8.31,427.0,76,,"","",2019-01-01-123554.gpx
0492fb56-cc8e-4423-aaab-5e469da956c7,2018-12-29 10:48:47,Running,,9.09,1:10:33,7:46,7.73,563.0,59,,"","",2018-12-29-104847.gpx
36e62426-1275-47c9-b8f3-975c720e137a,2018-12-27 09:56:04,Running,,6.20,45:20,7:19,8.21,397.0,61,,"","",2018-12-27-095604.gpx
99c6d147-ba6c-4db2-a752-7ac38c355fa6,2018-12-16 09:58:34,Running,,10.99,1:28:40,8:04,7.44,673.0,102,,"","",2018-12-16-095834.gpx
227e3141-899a-48d1-a402-8324d450e158,2018-12-09 09:32:54,Running,,9.21,1:13:02,7:56,7.57,570.0,72,,"","",2018-12-09-093254.gpx
8fdcaab3-f64d-470c-acaa-1a2c5f6e8cb6,2018-12-01 11:51:28,Running,,10.51,1:20:17,7:38,7.85,640.0,71,,"","",2018-12-01-115128.gpx
f7a42026-a168-4d4a-b566-d0ab129ee61d,2018-11-24 15:03:16,Running,,4.94,34:11,6:55,8.68,317.0,39,,"","",2018-11-24-150316.gpx
1c5a43a0-24ce-431f-99ca-51706c9f7001,2018-11-21 11:23:09,Running,,10.39,1:20:27,7:44,7.75,642.0,118,,"","",2018-11-21-112309.gpx
4f8ac000-e097-4ff1-9d37-e45df6ec3269,2018-11-17 11:01:27,Running,,9.64,1:15:24,7:49,7.67,607.0,112,,"","",2018-11-17-110127.gpx
48e2473d-6500-4b34-9245-306b69514500,2018-11-10 10:21:34,Running,,9.19,1:10:14,7:38,7.85,601.0,72,,"","",2018-11-10-102134.gpx
dbc20957-7e15-4c6b-b89d-cdd30fc12af8,2018-11-04 10:37:27,Running,,4.19,30:30,7:17,8.23,271.0,28,,"","",2018-11-04-103727.gpx
0d6d87b6-f25e-4ca2-8361-6ecb2c9c13e8,2018-10-28 11:41:04,Running,,8.20,1:05:16,7:58,7.54,511.0,62,,"","",2018-10-28-114104.gpx
eb93bdbd-2aa5-4bea-87c1-19df6ff358da,2018-10-23 08:41:41,Running,,4.00,30:35,7:39,7.84,250.0,25,,"","",2018-10-23-084141.gpx
cce6f833-a3fa-4754-af75-b8d5f6424126,2018-10-21 16:01:26,Running,,7.40,55:25,7:29,8.01,477.0,56,,"","",2018-10-21-160126.gpx
2ce8fd44-9d50-4c97-badc-5fe194e04e99,2018-10-14 12:05:06,Running,,6.01,44:39,7:25,8.08,398.0,61,,"","",2018-10-14-120506.gpx
258fd27b-8b84-47e5-9124-07b4808924d3,2018-09-27 17:45:12,Running,,3.86,30:16,7:50,7.65,244.0,31,,"","",2018-09-27-174512.gpx
31daa526-ca01-40dd-8ffd-d96156c69f13,2018-09-22 09:40:26,Running,,6.56,52:06,7:56,7.56,414.0,38,,"","",2018-09-22-094026.gpx
f359a0ee-e3da-49d4-bcd1-5950b58e6f5a,2018-09-15 10:12:47,Running,,4.31,41:59,9:44,6.17,247.0,33,,"","",2018-09-15-101247.gpx
082259b9-5028-482e-b1e9-58a11fd2410b,2018-09-09 11:27:53,Running,,6.08,54:42,9:00,6.66,364.0,63,,"","",2018-09-09-112753.gpx
898ec5ef-e3e2-4818-8c19-35e7194ed9c7,2018-08-28 11:32:27,Running,,5.32,50:14,9:26,6.36,306.0,41,,"","",2018-08-28-113227.gpx
58cdf648-5d21-415f-9d1b-2797bb738634,2018-08-26 13:02:49,Running,,7.46,1:00:18,8:05,7.42,448.0,51,,"","",2018-08-26-130249.gpx
437642e9-10ef-417e-b2cf-c3964d18d24f,2018-08-23 08:02:28,Running,,5.67,50:14,8:51,6.77,333.0,34,,"","",2018-08-23-080228.gpx
e6aa01f9-52f3-459c-8e15-2b3902e614fc,2018-08-21 17:52:24,Running,,5.16,46:23,8:59,6.68,299.0,28,,"","",2018-08-21-175224.gpx
34182cff-e8d3-4a83-a964-bea2036c0b6b,2018-08-19 11:42:49,Running,,6.63,55:29,8:22,7.17,418.0,122,,"","",2018-08-19-114249.gpx
6ccde9ba-366a-49c4-8d91-1fcb4d7cf558,2018-08-11 09:49:00,Running,,5.88,48:28,8:15,7.28,349.0,49,,"","",2018-08-11-094900.gpx
187647a9-0dae-415b-9956-fec29ce09b21,2018-08-08 11:30:57,Cycling,,3.52,30:26,8:39,6.93,132.0,22,,"","",2018-08-08-113057.gpx
e95c9ce2-3e95-471e-b92d-877dcf7937ca,2018-08-05 07:46:43,Cycling,,7.09,1:00:15,8:30,7.06,267.0,76,,"","",2018-08-05-074643.gpx
b0c10820-2725-4b3f-bd7e-f9ea98920d77,2018-07-29 11:58:26,Cycling,,4.68,55:25,11:51,5.06,246.0,45,,"","",2018-07-29-115826.gpx
998a5636-edf8-42bf-ba7f-e152e754705f,2018-07-07 09:47:15,Running,,5.47,50:01,9:09,6.56,315.0,48,,"","",2018-07-07-094715.gpx
db89854c-d024-4b09-b688-0b73b5d729a0,2018-07-04 08:12:57,Running,,5.28,46:01,8:43,6.88,293.0,37,,"","",2018-07-04-081257.gpx
5288bd23-fc91-40eb-8e2b-9b6960ddf4c2,2018-06-30 09:45:07,Running,,5.84,53:59,9:14,6.50,337.0,56,,"","",2018-06-30-094507.gpx
aeed420d-5e44-4d0a-8c97-ca0f17428b28,2018-06-23 09:44:21,Running,,5.77,50:35,8:46,6.84,326.0,48,,"","",2018-06-23-094421.gpx
27ccd2f9-1224-4fb0-95c5-3320a653e036,2018-05-26 09:47:37,Running,,4.59,40:40,8:51,6.78,262.0,39,,"","",2018-05-26-094737.gpx
49a4c89f-2d68-4ae4-979b-a4b29037d59f,2018-05-04 06:27:02,Running,,4.46,40:46,9:09,6.56,259.0,27,,"","",2018-05-04-062702.gpx
9a2cfeba-c5bf-44ce-890f-956c715e458d,2018-04-28 09:59:33,Running,,5.61,48:51,8:43,6.89,324.0,28,,"","",2018-04-28-095933.gpx
c04438b6-3037-4914-a6df-71d49970fa18,2018-04-26 11:08:52,Running,,4.40,40:34,9:13,6.51,254.0,41,,"","",2018-04-26-110852.gpx
77628ee8-e6a7-4902-a191-347ac7d02f4d,2018-04-22 12:29:48,Running,,4.12,35:28,8:36,6.97,241.0,46,,"","",2018-04-22-122948.gpx
f9b6e338-db73-451b-af14-0eed0a7e9c59,2018-04-20 07:00:42,Running,,4.80,42:01,8:45,6.86,277.0,45,,"","",2018-04-20-070042.gpx
e899e506-4c0b-4500-bd31-17d50af25ed0,2018-04-17 07:13:54,Running,,4.67,38:31,8:15,7.27,281.0,25,,"","",2018-04-17-071354.gpx
958c4bf8-8729-439c-ac13-d6277710258a,2018-04-10 08:56:51,Running,,4.00,36:29,9:07,6.58,238.0,39,,"","",2018-04-10-085651.gpx
45906600-e04f-48cf-b28e-99cdaaac5fe6,2018-04-08 08:54:26,Running,,3.27,32:26,9:55,6.06,189.0,15,,"","",2018-04-08-085426.gpx
4ece3c41-9306-425f-889b-268fc31ba4a2,2018-04-06 06:42:47,Running,,4.98,42:28,8:32,7.04,303.0,34,,"","",2018-04-06-064247.gpx
f70e66eb-c686-42c9-b3a9-ba8806b15976,2018-04-03 17:53:26,Running,,4.29,36:10,8:26,7.11,253.0,21,,"","",2018-04-03-175326.gpx
4130f720-3663-4f5f-a9f4-090570e9dda2,2018-03-31 07:57:17,Running,,5.17,42:27,8:13,7.30,303.0,36,,"","",2018-03-31-075717.gpx
1638eb99-8a6d-4d84-bfac-9b71412ccf54,2018-03-29 17:45:01,Running,,4.88,40:21,8:16,7.25,287.0,33,,"","",2018-03-29-174501.gpx
d11123fc-3434-4908-968f-6c30e1a45633,2018-03-27 06:54:39,Running,,4.41,37:44,8:34,7.01,262.0,35,,"","",2018-03-27-065439.gpx
f295e06b-465c-4095-8a8f-a9858d2e2e32,2018-03-24 08:53:49,Running,,3.50,30:15,8:39,6.94,206.0,18,,"","",2018-03-24-085349.gpx
2926bf19-13fb-4271-90d1-4b90d3dc0c2d,2018-03-20 07:09:44,Running,,4.50,36:50,8:11,7.33,269.0,31,,"","",2018-03-20-070944.gpx
c38bff40-3baa-4750-bae2-cabef51e2227,2018-03-17 12:36:57,Running,,4.28,37:56,8:52,6.77,249.0,35,,"","",2018-03-17-123657.gpx
68a0a997-578d-4ebf-a808-caad408da4da,2018-03-15 18:14:18,Running,,3.67,32:44,8:55,6.73,209.0,18,,"","",2018-03-15-181418.gpx
e2846ee8-c654-4398-9e30-216872de1226,2018-03-13 06:50:08,Running,,4.53,38:13,8:26,7.11,262.0,28,,"","",2018-03-13-065008.gpx
09ef9705-b37b-4392-812a-98f845328597,2018-03-08 18:46:06,Running,,3.36,30:13,8:59,6.67,196.0,27,,"","",2018-03-08-184606.gpx
9696c491-65d2-493b-a34f-e3fda0e090dd,2018-03-06 06:40:57,Running,,3.51,31:54,9:05,6.61,204.0,30,,"","",2018-03-06-064057.gpx
a0979322-33ef-46f2-9575-4fee48a6e758,2018-03-03 10:34:03,Running,,2.43,18:32,7:37,7.87,139.0,21,,"","",2018-03-03-103403.gpx
3ab788a5-77bc-4909-8812-36fc345d52f5,2018-03-02 06:46:05,Running,,3.17,30:27,9:36,6.24,187.0,25,,"","",2018-03-02-064605.gpx
896c12e0-894d-4124-b19a-4b9ca5afbbaf,2018-02-28 18:10:42,Running,,3.56,30:24,8:32,7.03,221.0,34,,"","",2018-02-28-181042.gpx
1bd1efe7-079c-4cd2-8c09-18947321d407,2018-02-24 10:16:07,Running,,3.81,33:36,8:49,6.80,225.0,44,,"","",2018-02-24-101607.gpx
183c8fa4-244e-4309-b3db-5317158f01a5,2018-02-22 06:35:12,Running,,3.44,32:45,9:32,6.29,199.0,31,,"","",2018-02-22-063512.gpx
7af6c5fa-ca39-4578-bb98-042429aaf7f7,2018-02-20 06:45:19,Running,,3.51,32:54,9:22,6.41,202.0,30,,"","",2018-02-20-064519.gpx
2a29f7c1-2a42-462a-82d9-9aba9d1b8bc6,2018-02-18 10:55:54,Running,,3.45,33:46,9:46,6.14,203.0,39,,"","",2018-02-18-105554.gpx
a44a2cd6-45f0-46b1-9e4a-34f6f5370d83,2018-01-07 10:48:17,Running,,3.18,31:17,9:50,6.10,179.0,25,,"","",2018-01-07-104817.gpx
98fa665b-cfd2-4b8d-afa1-9e41f95efb93,2018-01-01 10:27:09,Running,,4.30,40:02,9:19,6.44,221.0,27,,"","",2018-01-01-102709.gpx
4445a78b-a93a-4857-9d05-3441d450c896,2017-12-26 12:45:16,Running,,3.00,29:50,9:56,6.04,163.0,21,,"","",2017-12-26-124516.gpx
f94d4d8a-2e4f-4748-b487-919dcf5029a3,2017-12-09 13:12:03,Running,,3.27,30:52,9:27,6.35,170.0,27,,"","",2017-12-09-131203.gpx
790c8d01-5705-4a66-8f44-afba1d917746,2017-09-16 20:18:43,Running,,7.96,58:28,7:21,8.17,515.0,65,,"","",2017-09-16-201843.gpx
3242beb5-b7e3-40f0-8788-807043c2b3b7,2017-08-13 11:53:13,Running,,10.05,1:27:45,8:44,6.87,620.0,112,,"","",2017-08-13-115313.gpx
dca4f2e7-90bf-481a-9036-8af92d32733f,2017-07-29 09:44:21,Running,,11.00,1:33:55,8:32,7.03,671.0,104,,"","",2017-07-29-094421.gpx
46413d69-f9eb-434e-98fb-62b033d51917,2017-07-22 09:44:22,Running,,8.78,1:15:34,8:36,6.97,531.0,54,,"","",2017-07-22-094422.gpx
fd43e1a0-759e-4539-ad67-2e75b950379d,2017-07-11 06:17:20,Running,,4.02,31:14,7:46,7.73,256.0,21,,"","",2017-07-11-061720.gpx
703bbeff-73e3-4e7a-a4e9-849b8c9129f7,2017-07-08 09:49:25,Running,,8.60,1:13:11,8:31,7.05,533.0,67,,"","",2017-07-08-094925.gpx
0bce7bcf-e6ea-47d1-b108-7c95e1e7b42a,2017-07-05 06:13:51,Running,,4.15,30:59,7:28,8.03,263.0,21,,"","",2017-07-05-061351.gpx
720c6f08-1b3b-46dd-8212-5f3ad77bdcd5,2017-07-02 10:54:07,Running,,9.66,1:26:59,9:01,6.66,587.0,103,,"","Trail run",2017-07-02-105407.gpx
167dd4a8-e931-4848-afe0-8d2db5da213d,2017-06-24 09:49:39,Running,,9.37,1:19:21,8:28,7.08,579.0,83,,"","",2017-06-24-094939.gpx
8c908825-1377-4a44-b088-9cbd3988fe9e,2017-06-17 10:00:10,Running,,11.15,1:31:04,8:10,7.35,675.0,135,,"","",2017-06-17-100010.gpx
ed8ebb1c-094c-4545-8079-309d178f036b,2017-06-15 12:55:16,Running,,3.00,25:10,8:23,7.15,179.0,14,,"Eleonora Spagnuolo,","",2017-06-15-125516.gpx
d50747bb-ef7b-41d3-8941-da0f98a76e0e,2017-06-10 09:45:41,Running,,7.86,1:06:40,8:29,7.07,484.0,62,,"","",2017-06-10-094541.gpx
44609c04-39dd-4f2b-bb3f-e697e7c8c05a,2017-06-07 17:52:14,Running,,6.81,52:15,7:41,7.81,425.0,65,,"","",2017-06-07-175214.gpx
9bd5ca13-7fa5-47d6-9a0c-1f3de0c41ad9,2017-06-03 09:41:07,Running,,7.00,58:49,8:24,7.14,433.0,46,,"","",2017-06-03-094107.gpx
2aceba59-5302-4b0d-8f03-850b7d7658a6,2017-05-27 10:26:42,Running,,6.84,58:28,8:33,7.02,415.0,45,,"","",2017-05-27-102642.gpx
68d50ac7-81f8-45b6-8207-b79e29809cbd,2017-05-07 11:00:36,Running,,19.90,3:28:01,10:27,5.74,1277.0,555,,"","",2017-05-07-110036.gpx
142f347a-7361-4c44-b9d1-eb7199f7fc59,2017-04-29 10:09:24,Running,,10.14,1:22:07,8:06,7.41,619.0,109,,"","",2017-04-29-100924.gpx
6fea168a-c9da-4795-8000-a934bea1f9be,2017-04-27 09:46:16,Running,,2.98,32:56,11:02,5.44,186.0,18,,"","",2017-04-27-094616.gpx
3e908a61-3e9c-40b5-b1c3-b6523cea6aa4,2017-04-22 10:36:27,Running,,14.59,2:12:48,9:06,6.59,1064.0,222,149,"","TomTom MySports Watch",2017-04-22-103627.gpx
ed8cb143-824a-4049-913d-88f73c641acd,2017-04-22 10:36:00,Running,,16.00,2:26:52,9:11,6.54,990.0,157,,"","",2017-04-22-103600.gpx
825593e5-2377-4ce6-8efe-63a5d54601b5,2017-04-17 09:04:54,Running,,14.04,1:56:29,8:18,7.23,862.0,135,,"","",2017-04-17-090454.gpx
10709832-6ebd-4571-aef6-0fe5f515d56d,2017-03-26 12:25:41,Running,,21.67,2:53:06,7:59,7.51,1568.0,238,149,"","TomTom MySports Watch",2017-03-26-122541.gpx
a5e5ed82-d1ca-4ec5-992f-6234e6a350d2,2017-03-26 12:25:11,Running,,21.84,2:53:53,7:58,7.53,1310.0,20,,"","",2017-03-26-122511.gpx
26720d2d-7939-452f-80e2-98e10655280e,2017-03-26 12:23:15,Running,,0.03,0:56,32:47,1.83,2.0,0,,"","",2017-03-26-122315.gpx
d4d39525-6452-4fa5-a8be-44c8b7e5f80b,2017-03-18 08:35:54,Running,,10.08,1:32:15,9:09,6.56,547.0,15,,"","",2017-03-18-083554.gpx
9037bed9-63d0-4bed-9c37-1844a41f58ba,2017-03-11 09:44:29,Running,,18.03,2:30:38,8:21,7.18,1070.0,114,,"","",2017-03-11-094429.gpx
bc891e36-cf87-4d58-a4a4-ee807bb2f3cb,2017-03-04 09:42:32,Running,,10.07,1:18:40,7:49,7.68,706.0,126,135,"","TomTom MySports Watch",2017-03-04-094232.gpx
9e119db0-95e3-48f2-ad65-2426280e05c4,2017-03-04 09:42:17,Running,,10.06,1:19:12,7:52,7.62,614.0,72,,"","",2017-03-04-094217.gpx
f81e9498-7ea1-4c69-9d13-52ae233aea0f,2017-02-28 18:04:49,Running,,6.01,47:34,7:55,7.59,363.0,8,,"","",2017-02-28-180449.gpx
48a6ac39-e33b-49d8-ad0c-91d4146c7376,2017-02-25 09:44:41,Running,,16.59,2:15:09,8:09,7.36,1012.0,117,,"","",2017-02-25-094441.gpx
9a54da11-ebf9-4a1e-9517-2dc5deb058a8,2017-02-22 18:12:19,Running,,6.02,49:31,8:14,7.29,358.0,38,,"","",2017-02-22-181219.gpx
399453a6-bdc5-46bb-8b33-08ec9e20dd41,2017-02-20 17:52:15,Running,,6.02,47:19,7:52,7.63,372.0,41,,"","",2017-02-20-175215.gpx
710d84d4-12aa-4136-9809-f4abf68b1603,2017-02-18 09:44:36,Running,,13.79,1:58:12,8:34,7.00,946.0,206,146,"","TomTom MySports Watch",2017-02-18-094436.gpx
f0b1b015-0f01-408a-b676-283920d55ed8,2017-02-18 09:43:13,Running,,12.84,1:49:26,8:32,7.04,756.0,11,,"","",2017-02-18-094313.gpx
4b97f607-644d-4c5e-a2bf-30823011e83a,2017-01-28 09:46:06,Running,,15.33,2:10:56,8:33,7.02,1085.0,230,147,"","TomTom MySports Watch",2017-01-28-094606.gpx
0645876b-427f-40c5-89bc-543457ce4fc1,2017-01-28 09:45:52,Running,,15.00,2:04:57,8:20,7.20,908.0,105,,"","",2017-01-28-094552.gpx
f51e5822-a435-4c8a-9f9a-dc8b34586e5d,2017-01-21 09:47:51,Running,,14.00,1:51:46,7:59,7.52,855.0,80,,"","",2017-01-21-094751.gpx
fa3b9875-9133-4afc-a164-3f3b70ca8894,2017-01-14 08:45:29,Running,,13.06,1:42:30,7:51,7.64,937.0,192,151,"","TomTom MySports Watch",2017-01-14-084529.gpx
314bedd0-8ba8-4ecf-a2ea-2c10bc7e0cd8,2017-01-08 10:46:16,Running,,10.88,1:27:18,8:01,7.48,667.0,86,,"","",2017-01-08-104616.gpx
d29ee87c-0506-4045-9a89-b3bb1311bcf0,2017-01-08 10:45:28,Running,,14.57,2:39:49,10:58,5.47,1002.0,164,143,"","TomTom MySports Watch",2017-01-08-104528.gpx
65756532-e38e-4c75-9c20-849940a3d355,2017-01-01 10:39:24,Running,,12.77,1:44:15,8:10,7.35,770.0,156,,"","",2017-01-01-103924.gpx
89066564-3873-4b92-b2dc-af0cad1ddf43,2017-01-01 10:38:36,Running,,12.02,1:44:37,8:42,6.89,828.0,213,131,"","TomTom MySports Watch",2017-01-01-103836.gpx
3cdf5fab-36cc-4334-8578-22043131fc08,2016-12-26 11:10:07,Running,,21.91,1:47:13,4:54,12.26,805.0,191,162,"","TomTom MySports Watch",2016-12-26-111007.gpx
12a1cfae-3eba-4174-a365-6a9aedd9e444,2016-12-22 07:30:30,Running,,4.50,47:10,10:28,5.73,289.0,0,128,"","TomTom MySports Watch",
e020c9b3-6fe4-4cd4-9c68-6ce5713874e8,2016-12-17 09:44:21,Running,,9.01,1:14:57,8:19,7.21,541.0,2,,"","",2016-12-17-094421.gpx
c95e5698-b2c0-4544-9707-2188ab329236,2016-11-26 09:47:51,Running,,6.48,49:28,7:38,7.87,397.0,34,,"","",2016-11-26-094751.gpx
de7d52ef-2693-48bd-95e8-fdafbcfb850f,2016-11-12 10:08:42,Running,,10.37,1:19:16,7:39,7.85,638.0,56,,"","",2016-11-12-100842.gpx
ca9b3c6f-e47c-4321-8ea5-aaea65a1f1b7,2016-10-16 08:48:07,Running,,3.17,29:56,9:27,6.35,202.0,108,,"","",2016-10-16-084807.gpx
7887523f-66a1-441d-83a3-5fb25b89cf71,2016-10-15 09:22:17,Running,,6.39,1:07:33,10:34,5.67,412.0,224,,"","",2016-10-15-092217.gpx
0e24e79a-bdd8-4587-a081-d6d52398b9ed,2016-10-14 07:55:41,Running,,6.18,58:43,9:30,6.31,386.0,214,,"","",2016-10-14-075541.gpx
4dd3efd6-c041-479a-b828-99b88c10282d,2016-10-02 09:10:25,Running,,6.26,50:40,8:05,7.42,381.0,60,,"","",2016-10-02-091025.gpx
bd783af0-a021-42a6-8883-b203278de3c7,2016-09-24 09:30:49,Running,,14.19,2:01:44,8:35,7.00,850.0,116,,"","",2016-09-24-093049.gpx
0c38deae-765a-48a9-a5ec-8180bac0adfa,2016-09-18 12:27:41,Running,,16.49,2:05:12,7:35,7.90,1018.0,85,,"","",2016-09-18-122741.gpx
fd176c3f-f17b-4d4b-9a24-fa82c277905b,2016-09-10 09:41:26,Running,,10.01,1:23:32,8:21,7.19,610.0,71,,"","",2016-09-10-094126.gpx
88693f53-0278-4aa1-a888-1bfc14e6312f,2016-09-03 08:33:40,Running,,18.01,2:27:41,8:12,7.32,1074.0,104,,"","",2016-09-03-083340.gpx
a9de85e3-1ad3-4324-b90b-df0e482c8d67,2016-08-28 07:07:54,Running,,10.05,1:23:42,8:20,7.20,600.0,106,,"","",2016-08-28-070754.gpx
0175ebad-d160-4f83-9aca-d51ab77f175b,2016-08-21 10:20:56,Running,,17.08,2:33:57,9:01,6.66,1046.0,148,,"","",2016-08-21-102056.gpx
1d422836-0e6d-43f5-9a54-f6731eb2af77,2016-08-13 09:51:49,Running,,14.89,2:01:15,8:09,7.37,922.0,99,,"","16K",2016-08-13-095149.gpx
8e069a98-7fa2-4235-b048-ea27e03a8539,2016-07-24 07:05:00,Running,,9.13,1:50:54,12:09,4.94,558.0,49,,"","",2016-07-24-070500.gpx
097e1f1d-6693-4265-bf51-70d8fbae6091,2016-07-02 08:24:34,Running,,12.09,1:37:14,8:03,7.46,755.0,74,,"","",2016-07-02-082434.gpx
b6017878-5ecc-48a0-93ce-c8943d549589,2016-06-18 09:42:31,Running,,9.12,1:09:28,7:37,7.88,583.0,64,,"","",2016-06-18-094231.gpx
dca65784-b574-4017-8951-0e3b8d75f465,2016-06-16 05:59:02,Running,,4.11,31:03,7:33,7.95,258.0,20,,"","",2016-06-16-055902.gpx
8be21623-3718-45f1-8e78-c200ac03b630,2016-06-11 09:42:19,Running,,11.44,1:25:19,7:27,8.05,722.0,62,,"","",2016-06-11-094219.gpx
1008c018-5fcb-4105-9967-0dce3b2d6ce4,2016-06-04 08:25:52,Running,,10.03,1:23:00,8:16,7.25,623.0,99,,"","",2016-06-04-082552.gpx
7f42daab-662b-4143-b7c7-56c622a2161b,2016-05-28 09:39:56,Running,,8.35,1:04:44,7:45,7.74,529.0,45,,"","",2016-05-28-093956.gpx
988dce8d-8db7-448c-af04-14a246bd544e,2016-05-28 09:37:42,Running,,0.00,0:00,,,0.0,0,,"","",2016-05-28-093742.gpx
ab4c9d1f-8d5d-403a-ad35-66d27185a3b2,2016-05-22 11:30:10,Running,,10.00,1:14:16,7:26,8.08,633.0,52,,"","",2016-05-22-113010.gpx
2f913872-3a6c-40d8-8357-c2cdbf06d27f,2016-05-16 11:21:36,Running,,5.13,40:38,7:55,7.57,319.0,39,,"","",2016-05-16-112136.gpx
38e4fcb5-7aab-44cd-bc8d-6792e21f7b97,2016-05-01 10:50:45,Running,,10.01,1:29:53,8:59,6.68,554.0,99,,"","",2016-05-01-105045.gpx
b68467e6-a1d0-41f3-a6e0-357ae0f2178c,2016-04-05 07:10:30,Running,,6.08,41:28,6:49,8.80,412.0,0,,"","",
e83dd59d-f00d-4d67-9df7-d07705f4d7dc,2016-04-02 09:41:45,Running,,9.56,1:12:46,7:37,7.89,607.0,52,,"","",2016-04-02-094145.gpx
8b80e920-7e6a-407b-bb41-26739b6b3532,2016-03-19 09:44:01,Running,,12.43,1:35:10,7:39,7.84,792.0,79,,"","",2016-03-19-094401.gpx
30234600-3859-4c6d-af06-e9104acadf35,2016-03-12 09:56:19,Running,,12.41,1:34:15,7:36,7.90,779.0,87,,"","",2016-03-12-095619.gpx
2f6d8d9b-7278-4cd3-bab6-cff7c568fcd1,2016-03-05 09:48:23,Running,,12.01,1:32:34,7:42,7.78,761.0,63,,"","",2016-03-05-094823.gpx
4aeb2869-1279-4163-b83f-e138c650ae0e,2016-03-03 07:20:54,Running,,5.63,40:07,7:08,8.42,386.0,0,,"","",
f5b36386-ddbd-4257-b2ee-9d21e90edb0b,2016-02-27 09:43:13,Running,,10.01,1:18:36,7:51,7.64,617.0,56,,"","",2016-02-27-094313.gpx
eade3b0b-f508-45e8-9516-c1cf4f41ad6e,2016-02-25 08:21:35,Running,,5.72,40:06,7:01,8.56,391.0,0,,"","At the gym",
cd2f9306-0e47-42fc-b98f-ec803c229cee,2016-01-16 09:45:40,Running,,6.84,49:52,7:18,8.23,433.0,41,,"","",2016-01-16-094540.gpx
a65d04a2-34fb-4285-ab40-98a28ae233a1,2016-01-02 13:06:12,Running,,6.00,53:01,8:51,6.78,379.0,55,,"","",2016-01-02-130612.gpx
75478aed-15e5-4beb-9319-a214bcdd3bf0,2015-12-29 12:25:10,Running,,5.29,46:23,8:46,6.85,337.0,40,,"","",2015-12-29-122510.gpx
b553d4ac-636e-45c0-a0ba-1e0ca0dbed3e,2015-12-13 10:14:41,Running,,8.01,1:03:08,7:53,7.61,490.0,47,,"","",2015-12-13-101441.gpx
d9af9042-d348-46a6-a2a0-1cf5ada4a11e,2015-12-06 09:47:35,Running,,4.40,33:59,7:44,7.76,277.0,22,,"","",2015-12-06-094735.gpx
3c88c4c6-76db-4260-8281-0791153c6780,2015-11-29 11:09:34,Running,,9.88,1:13:39,7:27,8.05,644.0,41,,"","",2015-11-29-110934.gpx
cfdd8bc3-c136-4ae9-bc34-514e6d4af70a,2015-11-14 10:59:32,Running,,8.02,1:03:58,7:58,7.53,495.0,47,,"","",2015-11-14-105932.gpx
849edb1f-cd8b-4319-ac13-cc1aa0bdad92,2015-11-08 08:53:19,Running,,10.09,1:19:20,7:52,7.63,629.0,71,,"","",2015-11-08-085319.gpx
181e5072-4b08-4ea3-851d-17a27b3eaa47,2015-10-31 07:58:25,Running,,19.56,5:32:33,17:00,3.53,1362.0,783,,"","",2015-10-31-075825.gpx
25c1d81b-de14-4401-bb24-35a7b64fde65,2015-10-25 08:43:59,Running,,5.01,48:59,9:47,6.14,291.0,30,,"","",2015-10-25-084359.gpx
044eda23-4ba8-4d0b-afd6-25bb9f781ea4,2015-10-18 13:49:40,Running,,21.27,3:01:51,8:33,7.02,1305.0,115,,"","",2015-10-18-134940.gpx
0af86dba-3d0b-41ce-b9e8-cb4a8f1dcea7,2015-10-10 09:42:41,Running,,9.72,1:16:23,7:51,7.64,608.0,48,,"","",2015-10-10-094241.gpx
03f53219-d806-4ee6-bc19-60f77015b62c,2015-10-10 09:25:14,Running,,0.00,0:00,,,0.0,0,,"","",
ae024969-e3ef-49df-830c-a375fc6ecfb9,2015-10-06 18:06:07,Running,,5.44,42:18,7:47,7.71,338.0,32,,"","",2015-10-06-180607.gpx
274a6300-596c-42fb-a6a6-9aad601941a8,2015-09-30 18:48:48,Running,,4.22,38:39,9:10,6.55,255.0,25,,"","",2015-09-30-184848.gpx
21cb0bca-ac21-4f99-aca2-1c2a61ec533a,2015-09-26 09:38:27,Running,,4.97,36:38,7:22,8.14,324.0,30,,"","",2015-09-26-093827.gpx
b5a3f1f3-b4e5-4d3f-8fee-555b5aa02473,2015-09-26 09:36:32,Running,,0.01,0:00,0:00,âˆž,5.0,2,,"","",2015-09-26-093632.gpx
3ad45120-034f-4e1f-938e-dcc729e37d16,2015-09-20 11:15:07,Running,,16.22,2:11:53,8:08,7.38,985.0,85,,"","",2015-09-20-111507.gpx
59ecfa15-d4c4-4429-94b1-3c5601e1e8e6,2015-09-12 09:23:06,Running,,18.02,2:35:44,8:39,6.94,1110.0,115,,"","",2015-09-12-092306.gpx
585ef4d5-07a0-4409-92e5-7b1bef03d576,2015-09-06 10:44:57,Running,,20.15,2:50:12,8:27,7.10,1193.0,110,,"","",2015-09-06-104457.gpx
e5e2523d-cb71-4278-9e2e-5816abf11528,2015-09-01 18:24:38,Running,,4.66,36:15,7:47,7.71,283.0,24,,"","",2015-09-01-182438.gpx
347f5078-9a5b-43ef-8445-c9369ea43b3b,2015-08-29 09:30:30,Running,,10.01,1:15:35,7:33,7.95,634.0,57,,"","",2015-08-29-093030.gpx
26cc3010-da09-4ad4-a5b3-40a7f7f266dc,2015-08-26 18:25:55,Running,,4.46,37:52,8:29,7.07,270.0,25,,"","",2015-08-26-182555.gpx
89ec6d18-2e71-4a9f-9107-1560c2badec3,2015-08-23 09:52:36,Running,,18.07,2:32:22,8:26,7.11,1059.0,98,,"","",2015-08-23-095236.gpx
f2a34467-1a8b-4739-94cf-b4171f925275,2015-08-18 18:06:35,Running,,4.57,36:40,8:01,7.48,280.0,24,,"","",2015-08-18-180635.gpx
c3f7a509-1169-4bac-8c9b-c758ab2ef10f,2015-08-15 09:44:04,Running,,16.03,2:15:40,8:28,7.09,992.0,104,,"","",2015-08-15-094404.gpx
cdef2a7c-be8b-4a4d-a85d-2fba7cb6b01e,2015-08-09 09:27:14,Running,,14.18,1:57:45,8:18,7.23,876.0,120,,"","",2015-08-09-092714.gpx
16c254a4-efe9-44db-9006-5c1b767977be,2015-07-25 09:50:16,Running,,15.68,2:02:12,7:48,7.70,980.0,88,,"","",2015-07-25-095016.gpx
652b162f-4e95-4dd4-8057-ba3021f5c98a,2015-07-21 18:01:36,Running,,4.56,46:30,10:12,5.88,306.0,21,,"","",2015-07-21-180136.gpx
6ee504d1-f146-402e-b315-b02ed2c8cdca,2015-07-18 09:46:44,Running,,13.83,1:48:25,7:50,7.65,882.0,99,,"","",2015-07-18-094644.gpx
67a59818-2a86-4146-96f2-5922c9a8587f,2015-07-11 10:07:18,Running,,8.69,1:21:21,9:21,6.41,512.0,49,,"","",2015-07-11-100718.gpx
9795fe4e-44ab-4924-9da0-e0a567162920,2015-07-07 18:17:42,Running,,4.76,45:55,9:39,6.22,310.0,23,,"","",2015-07-07-181742.gpx
263f2dc6-f2b8-4876-b59d-1b9bd39fd1d8,2015-07-07 18:16:35,Running,,0.00,0:00,,,0.0,0,,"","",2015-07-07-181635.gpx
2ca4bad2-91db-41f5-ae4b-b055d1d2841c,2015-07-07 18:16:02,Running,,0.00,0:00,,,0.0,0,,"","",
5085da69-91a3-4dec-a720-6fbfc75210e6,2015-07-04 08:05:12,Running,,7.10,57:10,8:03,7.45,435.0,55,,"","",2015-07-04-080512.gpx
c5da882b-585f-4d1d-be12-34e4e4c3c6b6,2015-06-30 18:42:08,Running,,4.89,46:50,9:35,6.26,316.0,22,,"","",2015-06-30-184208.gpx
a04a1d44-7567-40ef-b5c8-21dcad5e1b37,2015-06-27 09:30:41,Running,,12.03,1:31:37,7:37,7.88,760.0,103,,"","",2015-06-27-093041.gpx
8b6f3af6-461f-4a7c-ae1c-ee8e02ccc35b,2015-06-23 18:32:17,Running,,4.54,41:32,9:08,6.56,292.0,21,,"","",2015-06-23-183217.gpx
411ef3fa-d4ae-4792-83c8-b785d4841715,2015-06-23 18:30:54,Running,,0.01,0:43,62:04,0.97,1.0,0,,"","",2015-06-23-183054.gpx
d98e3282-2363-4cfd-add2-70af831d847d,2015-06-20 09:59:13,Running,,10.00,1:17:53,7:47,7.71,633.0,60,,"","",2015-06-20-095913.gpx
dde01948-b0c7-4438-9ae3-14b4288c9c45,2015-06-20 09:58:38,Running,,0.00,0:00,,,0.0,0,,"","",
46960294-55c3-41b4-8cbd-137b3be16b47,2015-06-13 09:50:35,Running,,8.40,1:01:17,7:18,8.22,539.0,51,,"","",2015-06-13-095035.gpx
b71be4a5-1826-40f7-92c8-cd6f2ee5e5fa,2015-06-09 18:04:04,Running,,4.64,42:06,9:04,6.61,296.0,21,,"","",2015-06-09-180404.gpx
f346ab72-8789-4639-963a-95e0db87216e,2015-05-27 18:18:33,Running,,4.28,32:04,7:30,8.00,271.0,21,,"","",2015-05-27-181833.gpx
2894564b-ed5f-474d-858e-de0cdd94aaae,2015-05-17 11:19:02,Running,,6.02,44:29,7:24,8.12,387.0,48,,"","",2015-05-17-111902.gpx
84bc4f63-2cf6-4139-ab5e-24509dbb6877,2015-05-10 09:32:20,Running,,6.19,45:03,7:17,8.25,404.0,51,,"","",2015-05-10-093220.gpx
46c689ae-4cc5-4e7b-a828-700317d8c151,2015-04-27 09:10:52,Running,,5.02,37:10,7:24,8.10,320.0,40,,"","",2015-04-27-091052.gpx
5af7e0ad-7976-496b-937d-431f5f7ca4ae,2015-04-25 10:18:42,Running,,10.17,1:21:50,8:03,7.46,626.0,76,,"","",2015-04-25-101842.gpx
c99a63e7-7179-4c2b-8aa0-3c74e27367f7,2015-04-10 07:49:42,Running,,10.01,1:18:42,7:52,7.63,626.0,100,,"","",2015-04-10-074942.gpx
b5d14cd4-d31c-4ad8-874f-78e34e77b5f5,2015-03-29 11:23:35,Running,,10.05,1:22:56,8:15,7.27,610.0,78,,"","",2015-03-29-112335.gpx
48ae509e-80a3-409c-b8d0-e7529c87e85e,2015-03-21 08:19:25,Running,,9.01,1:11:19,7:55,7.58,553.0,67,,"","Interval :)",2015-03-21-081925.gpx
2b6244d4-79a6-469f-9692-7c43f853a011,2015-03-14 08:55:38,Running,,8.16,1:06:31,8:09,7.36,498.0,64,,"","",2015-03-14-085538.gpx
bdff43e4-8b2a-42ef-ad8b-539adb1dacb0,2015-03-14 08:55:36,Running,,0.00,0:00,,,0.0,0,,"","",2015-03-14-085536.gpx
0df67298-4e33-4e61-8765-35d7c1365853,2015-03-07 08:39:49,Running,,5.53,48:52,8:50,6.79,330.0,36,,"","",2015-03-07-083949.gpx
4e665fb6-946c-452d-9d02-101d1ffadb66,2015-01-11 11:18:11,Running,,9.01,1:08:55,7:39,7.85,586.840470536332,57,,"","",2015-01-11-111811.gpx
9011a00b-c7da-4df5-ac8c-f6b64c0b198c,2015-01-02 13:09:29,Running,,5.06,44:10,8:44,6.87,305.738147306505,43,,"","",2015-01-02-130929.gpx
3fef9235-9899-412a-a6bd-3d34e1c14b81,2014-12-27 09:34:58,Running,,5.41,45:09,8:21,7.19,338.807414045796,39,,"","",2014-12-27-093458.gpx
8428b390-04cc-40cc-9891-78c976f906fe,2014-12-23 14:36:05,Running,,5.62,45:51,8:10,7.35,347.661441714834,46,,"","",2014-12-23-143605.gpx
f2b96072-89e8-43fe-9625-4d2b9fdce359,2014-12-20 11:41:45,Running,,5.47,44:28,8:08,7.38,339.152205932997,44,,"","",2014-12-20-114145.gpx
cbae5c54-3b89-4736-a559-0dcf8ad461bc,2014-12-14 13:26:30,Running,,5.90,44:06,7:28,8.03,375.053006307459,27,,"","",2014-12-14-132630.gpx
ab3c8d3d-87b4-4936-a1df-436539411906,2014-11-30 10:50:11,Running,,8.51,1:06:07,7:46,7.72,544.846216515738,63,,"","",2014-11-30-105011.gpx
135acd1e-d975-45d7-96f0-1174f0f2d937,2014-11-23 11:48:49,Running,,9.12,1:06:06,7:15,8.28,547.916556537816,52,,"","",2014-11-23-114849.gpx
ec4e713c-a797-49a5-a7f1-d9e2a1909b74,2014-11-09 10:18:03,Running,,7.02,1:00:41,8:39,6.94,414.903954136845,47,,"","",2014-11-09-101803.gpx
36380999-d538-40af-be02-0fa5f99fcedb,2014-11-02 09:53:24,Running,,7.20,54:03,7:31,7.99,473.99137897728,46,,"","",2014-11-02-095324.gpx
054a82b4-ccdb-4a7a-9071-1b2812afcac8,2014-10-25 10:10:29,Running,,5.21,42:46,8:13,7.31,322.539203147105,34,,"","",2014-10-25-101029.gpx
047900ed-25c3-4984-b287-1616bb4dc402,2014-10-19 10:00:59,Running,,7.03,1:14:00,10:31,5.70,450.0,112,,"","",2014-10-19-100059.gpx
74593e60-f73e-47a3-ae39-36efa6ef23a6,2014-10-15 18:10:59,Running,,5.26,42:08,8:00,7.50,335.164880941152,25,,"","",2014-10-15-181059.gpx
ef674db7-4450-4d4d-8256-fb992bc7b82d,2014-10-11 08:31:14,Running,,4.98,38:07,7:40,7.83,312.297893536052,38,,"","",2014-10-11-083114.gpx
b1273fa9-4a3f-49a9-b0dc-65b6d0c8812f,2014-10-08 19:00:14,Running,,4.67,37:09,7:57,7.54,300.013439461255,22,,"","",2014-10-08-190014.gpx
e1722115-59e0-4f65-b56b-5892cfb37ba1,2014-10-05 08:34:58,Running,,3.79,30:16,8:00,7.51,234.0,23,,"","",2014-10-05-083458.gpx
f7d559e7-2d7c-42ab-a5e2-4e562a9b4f79,2014-09-25 19:05:45,Running,,3.51,30:18,8:39,6.94,212.0,20,,"","",2014-09-25-190545.gpx
9443a285-af8a-45d5-bc8b-5b0a6b2aeaff,2014-09-17 18:14:49,Running,,3.60,30:08,8:23,7.16,221.0,22,,"","",2014-09-17-181449.gpx
c79b9461-769d-4103-b14d-ac02185c6787,2014-09-11 18:53:19,Running,,3.77,30:13,8:01,7.49,237.0,23,,"","",2014-09-11-185319.gpx
f02699f7-cb83-48fd-a147-c0c9c7840735,2014-09-04 18:57:55,Running,,4.28,30:03,7:01,8.55,221.0,22,,"","",2014-09-04-185755.gpx
2d595580-d9e5-4f0d-8606-f7e45667fae6,2014-08-27 18:34:54,Running,,3.80,32:10,8:29,7.08,229.0,24,,"","",2014-08-27-183454.gpx
185641a3-c54e-4497-b39d-b59c6bbc4153,2014-08-19 18:38:18,Running,,3.81,32:06,8:25,7.12,228.0,23,,"","",2014-08-19-183818.gpx
792e5921-d36e-4714-ba51-b5d43fad19da,2014-08-15 13:36:20,Running,,3.93,32:05,8:11,7.34,239.0,23,,"","",2014-08-15-133620.gpx
4aa423ba-ed64-4ed1-b485-9aa244fcccbf,2014-08-10 09:06:42,Running,,3.73,32:15,8:39,6.94,223.0,22,,"","",2014-08-10-090642.gpx
28b69679-ae3d-4db8-84e5-0d067c361acb,2014-08-05 10:16:30,Running,,3.93,32:15,8:13,7.31,240.0,23,,"","",2014-08-05-101630.gpx
ad4b1532-dd6d-4943-9e92-a92f13b44fd1,2014-08-02 09:33:07,Running,,3.83,32:22,8:27,7.11,235.0,19,,"","",2014-08-02-093307.gpx
dd2698f1-f1a8-4523-b914-b83e40d0b2e2,2014-07-31 13:07:04,Running,,3.69,32:11,8:43,6.88,220.0,17,,"","",2014-07-31-130704.gpx
ab728d13-842b-48fc-9618-3955af989875,2014-07-27 13:03:43,Running,,4.04,32:01,7:55,7.58,248.0,19,,"","",2014-07-27-130343.gpx
5f447874-e7be-4d5f-83c7-44518c3e6085,2014-07-24 09:33:58,Running,,3.99,32:11,8:04,7.44,246.0,27,,"","",2014-07-24-093358.gpx
5b0d419b-b5bc-4179-8a3d-31144a3db5e1,2014-07-22 10:14:43,Running,,3.93,32:03,8:10,7.35,242.0,27,,"","",2014-07-22-101443.gpx
fefb9256-336a-4774-989c-baa254d5082f,2014-07-20 10:34:48,Running,,2.81,28:17,10:05,5.95,176.0,16,,"","",2014-07-20-103448.gpx
a956fad7-db85-42a1-8ac9-cac0926164c6,2014-06-21 10:50:12,Running,,3.66,30:02,8:13,7.31,231.0,21,,"","",2014-06-21-105012.gpx
cb52bc3c-d3c2-4c7e-9b00-a08c84c62e9e,2014-06-17 10:37:01,Running,,3.62,30:05,8:19,7.21,220.0,23,,"","",2014-06-17-103701.gpx
1cb7a6f5-6cc1-4d87-88b4-8ed8863f254d,2014-06-15 10:21:36,Running,,4.20,30:06,7:10,8.37,271.0,22,,"","",2014-06-15-102136.gpx
6ae10d1c-9974-41d4-b25c-09c11659c8d0,2014-06-12 10:46:45,Running,,3.87,30:02,7:45,7.73,239.0,22,,"","",2014-06-12-104645.gpx
800d4448-3e2f-439c-ad73-854a4da27f8d,2014-06-10 09:46:49,Running,,3.81,30:10,7:56,7.57,236.0,26,,"","",2014-06-10-094649.gpx
bd446d41-3a66-44bf-afa7-5fedacb32918,2014-06-07 12:59:45,Running,,3.99,30:02,7:31,7.97,254.0,24,,"","",2014-06-07-125945.gpx
14952e86-e913-40d4-84f3-4f5162f8ab45,2014-06-05 12:40:12,Running,,3.80,30:12,7:56,7.56,239.0,24,,"","",2014-06-05-124012.gpx
ed179812-ca0d-414f-9391-c0a658d7e4b5,2014-05-17 10:39:08,Running,,4.86,41:01,8:26,7.11,307.0,32,,"","",2014-05-17-103908.gpx
162356bc-a532-4081-8194-ef2908986337,2014-05-13 10:19:53,Running,,4.93,40:01,8:07,7.39,305.0,29,,"","",2014-05-13-101953.gpx
211dce8f-8a0d-4db3-8e54-ec8ee5ff0c67,2014-05-10 11:39:59,Running,,4.42,34:36,7:50,7.67,269.0,20,,"","",2014-05-10-113959.gpx
68b545d7-7968-4911-92e4-ed154a81f7db,2014-04-26 11:02:04,Running,,4.76,36:07,7:35,7.91,280.0,26,,"","",2014-04-26-110204.gpx
f8d5bff2-64c8-4b68-a00e-75686d213186,2014-04-18 09:12:48,Running,,5.57,44:20,7:57,7.54,348.0,36,,"","",2014-04-18-091248.gpx
5a91150f-bfbc-41df-84d8-4c9890b5e330,2014-04-16 10:42:37,Running,,4.27,36:03,8:26,7.11,257.0,23,,"","",2014-04-16-104237.gpx
516b9131-dd4a-46d7-9c5f-e96d157c4a2b,2014-04-01 12:04:05,Running,,4.47,36:00,8:03,7.45,279.0,31,,"","",2014-04-01-120405.gpx
9f37066a-c01a-4513-a656-ff7da3a6be31,2014-03-29 10:51:59,Running,,5.84,45:07,7:43,7.77,743.0,7891,,"","",2014-03-29-105159.gpx
1950a2ef-82a5-43ef-b90c-7a7476f165df,2014-03-27 11:16:56,Running,,4.62,36:22,7:53,7.62,286.0,28,,"","",2014-03-27-111656.gpx
86bbd08e-7c33-48c8-8395-1aa0fe079d8c,2014-03-24 12:57:21,Running,,4.72,36:09,7:39,7.84,304.0,30,,"","",2014-03-24-125721.gpx
94570d73-81ed-4934-b580-efa8f9580bf1,2014-03-22 11:55:35,Running,,4.53,36:03,7:58,7.54,286.0,29,,"","",2014-03-22-115535.gpx
3c0d57b6-646e-4074-ba7f-e50462b88402,2014-03-14 09:18:01,Running,,3.33,24:24,7:20,8.18,217.0,13,,"","",2014-03-14-091801.gpx
2c893712-dffe-4136-bfb6-a2984c352420,2014-03-04 17:27:19,Running,,4.82,36:39,7:36,7.89,312.0,24,,"","",2014-03-04-172719.gpx
58eae659-0598-4545-acf3-ef2b7ff8f5dc,2014-02-27 09:52:54,Running,,5.05,36:17,7:11,8.35,329.0,24,,"","",2014-02-27-095254.gpx
3b453ccd-f476-42a2-b1eb-ab3a4ad4c09a,2014-02-25 10:30:17,Running,,4.77,36:19,7:37,7.87,307.0,28,,"","",2014-02-25-103017.gpx
1bb58998-fc63-4ef0-94b3-484b01fc66b7,2014-02-17 10:40:56,Running,,5.04,36:05,7:09,8.38,330.0,25,,"","",2014-02-17-104056.gpx
8c7618a8-0eb9-42f3-a5f8-e83971176e56,2014-02-11 09:36:36,Running,,4.63,36:27,7:53,7.62,294.0,37,,"","",2014-02-11-093636.gpx
21e19d82-8e70-4761-a1a0-7f517c1c6ca8,2014-02-09 10:43:11,Running,,5.46,40:02,7:20,8.19,345.0,35,,"","",2014-02-09-104311.gpx
2f39e0e8-d188-4db1-9204-83a1d14980aa,2014-02-07 12:41:56,Running,,4.36,33:17,7:39,7.85,275.0,21,,"","",2014-02-07-124156.gpx
fc20754a-76c2-4c24-941e-589fffdbc1c1,2014-02-07 12:41:05,Running,,0.02,0:02,1:36,37.51,1.0,0,,"","",2014-02-07-124105.gpx
319f2441-b673-4e7d-9a66-c80263de312d,2014-01-22 11:07:04,Running,,5.36,40:02,7:28,8.03,347.0,32,,"","",2014-01-22-110704.gpx
7f0116a1-00d6-4ec6-a33d-f4ef45328e1e,2014-01-18 10:34:21,Running,,5.65,40:15,7:07,8.42,368.0,28,,"","",2014-01-18-103421.gpx
c5d2c43d-51ae-4bef-b372-ad1e89521f34,2014-01-13 11:50:14,Running,,5.20,40:09,7:44,7.77,329.0,36,,"","",2014-01-13-115014.gpx
266190cd-9dc2-4ee4-87c4-87255eb10854,2014-01-08 12:42:49,Running,,5.33,40:27,7:35,7.91,337.0,27,,"","",2014-01-08-124249.gpx
76470315-4bde-4872-9788-fb9f00f359d1,2013-12-29 12:04:11,Running,,4.38,35:24,8:05,7.43,270.0,21,,"","",2013-12-29-120411.gpx
bb8c6828-fed6-449c-b8af-4dbfb39ecaec,2013-12-25 08:53:32,Running,,3.54,29:59,8:28,7.08,216.0,21,,"","",2013-12-25-085332.gpx
41adc19e-c586-4969-b769-e2c33a05b758,2013-12-25 08:53:32,Running,,3.54,29:59,8:28,7.08,216.0,21,,"","",2013-12-25-085332.gpx
7314af17-6731-4f1e-ae21-8a08c33dfe76,2013-12-23 12:35:06,Running,,3.84,30:03,7:49,7.68,241.0,22,,"","",2013-12-23-123506.gpx
0fe5e894-bdb0-47f8-9bb7-8af0fca6bd5b,2013-12-19 11:36:31,Running,,3.50,26:00,7:26,8.07,222.0,18,,"","",2013-12-19-113631.gpx
e9ea2f01-ffdb-4ea1-93b7-6c9fbb6f730b,2013-12-17 11:10:03,Running,,3.48,26:00,7:28,8.03,222.0,18,,"","",2013-12-17-111003.gpx
4f3bbefe-e8fe-4221-bd96-abc60766d0a8,2013-12-14 12:36:25,Running,,3.46,26:02,7:32,7.96,217.0,17,,"","",2013-12-14-123625.gpx
fdbd6f1e-cd62-46b7-8262-03bc8567e29a,2013-12-07 11:03:00,Running,,4.06,32:11,7:56,7.57,248.0,22,,"","",2013-12-07-110300.gpx
04253cf2-1d60-47b9-bebf-95c8d35bc8f3,2013-11-29 12:52:46,Running,,3.86,32:02,8:18,7.23,240.0,21,,"","",2013-11-29-125246.gpx
581c5367-d43b-40a5-a34d-fa2cecb81e27,2013-11-27 11:41:45,Running,,3.96,32:01,8:05,7.42,244.0,20,,"","",2013-11-27-114145.gpx
1a24ad91-400f-4339-9625-dfcda40744ee,2013-11-23 13:24:22,Running,,3.84,32:06,8:22,7.17,239.0,19,,"","",2013-11-23-132422.gpx
c83fec59-782f-42c5-853e-a2fefa96d37a,2013-11-17 12:23:26,Running,,3.93,31:58,8:08,7.38,242.0,21,,"","",2013-11-17-122326.gpx
5bd4509b-d04e-40d6-85d9-02c1398ef8b2,2013-11-13 09:29:12,Running,,4.07,34:02,8:22,7.16,241.0,23,,"","",2013-11-13-092912.gpx
39aeb1cc-b5f3-490e-bc3f-5e7b0159b024,2013-11-09 14:59:15,Running,,3.92,34:03,8:41,6.91,228.0,20,,"","",2013-11-09-145915.gpx
8d158fa9-0a8e-4a66-bf38-b59739982440,2013-11-07 11:05:56,Running,,3.46,29:55,8:38,6.94,202.0,13,,"","",2013-11-07-110556.gpx
3cfb661e-6f5a-4a47-9545-394778a9200c,2013-11-04 12:43:42,Running,,3.33,30:04,9:02,6.65,191.0,16,,"","",2013-11-04-124342.gpx
6dc85d95-2cef-439c-896a-a772d39bc76d,2013-11-02 12:06:23,Running,,3.11,30:01,9:39,6.21,177.0,15,,"","",2013-11-02-120623.gpx
65e0fb4f-10a3-4cf4-b89f-ecd08a7cad09,2013-10-30 11:09:27,Running,,3.34,30:02,9:00,6.66,195.0,21,,"","",2013-10-30-110927.gpx
966ab30d-2306-471d-9dc6-6f7444e73cd3,2013-10-28 09:31:25,Running,,3.22,29:57,9:18,6.46,184.0,29,,"","",2013-10-28-093125.gpx
04dd1919-b153-4ac0-a552-749046cadb53,2013-10-25 09:35:47,Running,,3.21,30:00,9:20,6.43,185.0,21,,"","",2013-10-25-093547.gpx
e5fcd280-6b42-434f-a821-e36a7574fdba,2013-06-01 10:42:08,Running,,8.05,1:01:27,7:38,7.86,507.0,49,,"","",2013-06-01-104208.gpx
919c9f06-9239-4700-b784-65785ad86b37,2013-05-22 10:27:49,Running,,3.05,20:47,6:49,8.79,195.0,14,,"","",2013-05-22-102749.gpx
5ab82fd6-53a5-4b00-bd07-491a9d098c7a,2013-05-19 20:40:16,Running,,9.82,1:11:03,7:14,8.29,634.0,61,,"","",2013-05-19-204016.gpx
ab879367-09e8-4586-8e4b-a13309e3e904,2013-05-14 19:52:07,Running,,8.63,1:00:10,6:59,8.60,569.0,58,,"","",2013-05-14-195207.gpx
cda2437b-eed0-4fa8-abf1-08b6741af7d3,2013-05-11 11:42:24,Running,,5.61,38:34,6:53,8.72,348.0,40,,"","",2013-05-11-114224.gpx
9c110b60-97b3-49cf-aba1-ad236847867d,2013-05-07 19:59:16,Running,,7.45,1:00:32,8:07,7.39,473.0,47,,"","",2013-05-07-195916.gpx
8b44f4de-9018-47d4-85e1-155df5f72ed2,2013-04-23 12:23:39,Running,,3.30,28:26,8:36,6.97,191.0,19,,"","",2013-04-23-122339.gpx
c8ae4396-f89c-43f8-b7de-0df546e7983d,2013-04-14 09:47:33,Running,,2.92,19:47,6:47,8.85,193.0,22,,"","",2013-04-14-094733.gpx
3d94e560-0ca9-4c3b-839a-0f59a9158c71,2013-04-13 11:03:05,Running,,4.23,30:05,7:07,8.44,281.0,26,,"","",2013-04-13-110305.gpx
780c6e65-3e93-420e-8110-afa224c4d203,2013-04-12 17:08:31,Running,,2.68,17:38,6:35,9.11,177.0,17,,"","",2013-04-12-170831.gpx
d8550216-683c-42be-bcbf-f045cc268ecc,2013-04-01 10:39:40,Running,,3.40,23:09,6:49,8.81,226.0,20,,"","",2013-04-01-103940.gpx
30603ee5-a76d-4b51-a0e4-668f7eeed300,2013-03-28 11:26:07,Running,,4.23,30:25,7:11,8.34,275.0,25,,"","",2013-03-28-112607.gpx
39790da7-f593-4572-aa54-c0ba7ca1b5e7,2013-03-24 10:21:57,Running,,4.22,30:40,7:17,8.25,273.0,24,,"","",2013-03-24-102157.gpx
7dd93000-897e-4e69-8ac6-d77958fb5f1c,2013-03-22 10:50:55,Running,,4.22,29:55,7:06,8.46,274.0,24,,"","",2013-03-22-105055.gpx
00057493-c33b-4bdc-b21d-7e1cd27643d6,2013-03-19 11:09:25,Running,,4.31,30:12,7:00,8.57,282.0,26,,"","",2013-03-19-110925.gpx
0cdc1833-91ad-4063-9cfe-3c693b679e58,2013-03-14 09:50:24,Running,,4.13,30:40,7:25,8.08,268.0,29,,"","",2013-03-14-095024.gpx
5faaf064-66bc-4166-8d5c-c2000ca37544,2013-03-12 08:49:54,Running,,4.37,30:04,6:53,8.72,290.0,31,,"","",2013-03-12-084954.gpx
b4486ea4-c095-4d1e-8349-88705ea2f991,2013-03-08 09:45:09,Running,,4.23,31:08,7:22,8.15,275.0,21,,"","",2013-03-08-094509.gpx
ff24c513-8257-4865-9951-7dff8ef38e60,2013-03-05 13:59:42,Running,,3.86,30:09,7:49,7.68,244.0,21,,"","",2013-03-05-135942.gpx
e6f11323-783d-401c-8f77-52dbaeb4d59f,2013-03-04 08:27:10,Running,,4.90,34:36,7:04,8.50,324.0,29,,"","",2013-03-04-082710.gpx
287e1b2a-158b-4e67-acc4-8b9dfc83fb43,2013-03-03 10:06:12,Running,,4.71,35:34,7:33,7.94,308.0,33,,"","",2013-03-03-100612.gpx
0c4337ab-372e-4158-9d35-76ba7683cd74,2013-03-02 10:39:42,Running,,1.65,13:25,8:09,7.37,102.0,10,,"","",2013-03-02-103942.gpx
70f551d2-6058-4644-8453-306ba7beb43f,2013-02-25 08:50:22,Running,,4.56,36:30,8:01,7.49,281.0,27,,"","",2013-02-25-085022.gpx
537b4aa4-341d-437c-a4b4-0337a12da1d8,2013-02-16 10:09:04,Running,,3.87,32:25,8:22,7.17,234.0,21,,"","",2013-02-16-100904.gpx
837fdd0b-c82f-4189-a1d0-ea2872e2019f,2013-01-12 12:30:00,Running,,3.65,30:24,8:20,7.20,224.0,20,,"","",2013-01-12-123000.gpx
eb0a7b62-bc28-491f-acc8-d7b59306f8fb,2012-12-22 09:38:19,Running,,4.00,29:40,7:25,8.09,271.0,31,,"","",2012-12-22-093819.gpx
206c4745-6a32-49d6-bfee-893fa575d434,2012-11-24 09:46:41,Running,,8.03,56:28,7:02,8.53,544.0,57,,"","",2012-11-24-094641.gpx
561e4d72-6b43-4a8b-9ce8-68d07978777e,2012-11-23 10:48:01,Running,,0.49,3:44,7:36,7.89,31.0,2,,"","",2012-11-23-104801.gpx
5f1e551d-6826-41ad-9a6b-7af0f13c5af0,2012-11-18 13:45:35,Running,,10.05,1:13:26,7:18,8.21,669.0,44,,"","",2012-11-18-134535.gpx
ea7377c8-1e19-4c6e-84bc-f7fd4ee36791,2012-11-14 13:52:32,Running,,3.41,24:59,7:20,8.18,215.0,13,,"","",2012-11-14-135232.gpx
921b44f2-2f21-4f5a-b3cf-6cea9b55e60e,2012-11-13 11:52:50,Running,,2.89,20:06,6:57,8.63,188.0,20,,"","",2012-11-13-115250.gpx
dcf26276-32fa-4cd1-9263-7ec80605e733,2012-11-08 11:32:58,Running,,2.58,20:05,7:47,7.71,155.0,16,,"","",2012-11-08-113258.gpx
9d75586a-8fee-4996-b8ee-f66c743d95df,2012-11-05 13:43:25,Running,,2.62,20:14,7:44,7.76,160.0,16,,"","",2012-11-05-134325.gpx
526a2ae9-acd7-4a5d-aedd-cdf2ac2a295c,2012-11-04 11:15:28,Running,,0.90,7:16,8:07,7.39,55.0,7,,"","",2012-11-04-111528.gpx
7cc84988-2078-46e0-bc83-a97271d18711,2012-11-01 17:17:38,Running,,2.56,19:58,7:49,7.68,157.0,15,,"","",2012-11-01-171738.gpx
09770ada-a5ef-4c6d-89cd-0ee80710a512,2012-10-28 11:55:30,Running,,0.00,0:00,,,0.0,0,,"","",
9e26a3fe-81eb-4d3a-9604-552a71adbd8d,2012-10-28 11:55:30,Running,,3.87,29:16,7:34,7.93,244.0,28,,"","",2012-10-28-115530.gpx
4e47256b-e5cd-4de8-b578-dcc45f9da6d8,2012-10-21 13:57:03,Running,,22.14,2:53:27,7:50,7.66,1445.0,123,,"","",2012-10-21-135703.gpx
3cafd90a-21a8-4726-a971-3d7473c523bc,2012-10-14 09:50:32,Running,,9.03,1:07:49,7:30,7.99,604.0,67,,"","",2012-10-14-095032.gpx
f072f8c2-7557-4d69-ac92-ec44fd65af81,2012-10-13 11:21:45,Running,,4.31,30:02,6:58,8.62,283.0,19,,"","",2012-10-13-112145.gpx
a7b89b79-2738-4af7-a87a-e1f5bc831339,2012-10-03 08:57:47,Running,,4.21,30:48,7:19,8.19,280.0,18,,"","",2012-10-03-085747.gpx
fdb27d57-4afc-4f41-bd72-a0c5da5db78e,2012-09-28 12:33:25,Running,,18.02,2:32:06,8:26,7.11,1062.0,75,,"","",2012-09-28-123325.gpx
680ea50e-5164-4687-a987-499eb78241bb,2012-09-20 19:22:49,Running,,3.40,24:39,7:15,8.27,226.0,18,,"","",2012-09-20-192249.gpx
3632a206-5f12-4a8e-923e-9013f4d783c1,2012-09-18 07:24:46,Running,,14.58,1:58:36,8:08,7.37,948.0,279,,"","",2012-09-18-072446.gpx
177d4d1d-bb5b-4634-b29e-a2682c8b61d2,2012-09-14 07:31:51,Running,,6.25,48:35,7:46,7.72,421.0,141,,"","",2012-09-14-073151.gpx
a3b44ff6-27bc-4059-a43f-8e3de21e824f,2012-09-11 08:40:08,Running,,4.21,30:11,7:11,8.36,271.0,26,,"","",2012-09-11-084008.gpx
9c1fe997-4efe-480d-96bd-32db5a025902,2012-09-09 09:47:49,Running,,15.02,1:55:51,7:43,7.78,959.0,105,,"","",2012-09-09-094749.gpx
ceb86c1e-8098-4e0f-a8ff-da871a07f882,2012-09-06 13:21:17,Running,,4.75,34:46,7:20,8.19,324.0,21,,"","",2012-09-06-132117.gpx
6687af96-080b-4f78-b32f-70f03d4216b5,2012-09-05 11:30:13,Running,,4.38,35:46,8:10,7.34,318.0,36,,"","",2012-09-05-113013.gpx
d972d723-92ef-4ee4-8bc8-1a2179e53773,2012-08-31 09:08:28,Running,,4.53,30:12,6:40,9.00,325.0,29,,"","",2012-08-31-090828.gpx
9b18cf84-1a3c-43d1-9c58-766533c6398a,2012-08-26 09:53:42,Running,,16.05,1:54:39,7:09,8.40,1133.0,100,,"Charlotte Dee,","",2012-08-26-095342.gpx
b63ab9fa-7ef4-4a88-895d-8418e334f1b0,2012-08-24 09:03:39,Running,,4.83,30:03,6:13,9.65,343.0,32,,"","",2012-08-24-090339.gpx
c7cd8fff-366d-4030-8999-ddca6eb2fa4b,2012-08-21 07:08:17,Running,,14.00,1:54:31,8:11,7.33,848.0,67,,"","",2012-08-21-070817.gpx
0c4c862d-81f4-47a0-adda-fa6fb9ed20b7,2012-08-16 10:29:45,Running,,4.22,30:00,7:06,8.44,287.0,20,,"","",2012-08-16-102945.gpx
73bdade7-8440-407b-87f1-7d16bedc0ec1,2012-08-12 18:57:35,Running,,10.01,1:22:26,8:14,7.28,609.0,49,,"","",2012-08-12-185735.gpx
62e6fa6e-3fd2-401b-ab8f-a558114ca7f5,2012-08-11 09:58:37,Running,,6.51,50:07,7:42,7.80,426.0,32,,"","",2012-08-11-095837.gpx
ac056cdf-1639-4fe3-bbd6-95c194e1de3b,2012-08-10 11:29:59,Running,,4.43,30:07,6:48,8.83,305.0,21,,"","",2012-08-10-112959.gpx
971d5cd5-e08e-4422-9b00-31504d76472e,2012-07-30 10:19:15,Running,,3.60,28:12,7:50,7.65,229.0,20,,"","",2012-07-30-101915.gpx
ecbc327f-c048-491f-a2be-5d8635e909ae,2012-07-18 14:32:41,Running,,3.11,20:49,6:42,8.95,98.0,20,,"","",2012-07-18-143241.gpx
41dd813b-720a-404b-8afd-c5f440757882,2012-07-15 10:40:33,Running,,12.02,1:38:33,8:12,7.32,343.0,56,,"","",2012-07-15-104033.gpx
1c738bea-e4cc-44d4-bb4d-9dbd8cbfdd38,2012-07-12 10:27:26,Running,,3.27,25:23,7:46,7.72,106.0,16,,"","",2012-07-12-102726.gpx
d1b69617-e61d-4a1a-b723-af8feaa9426a,2012-07-03 11:28:36,Running,,4.12,30:46,7:28,8.03,126.0,24,,"","",2012-07-03-112836.gpx
09dc114c-f307-4ba3-8367-339a7ae3271a,2012-07-01 11:23:10,Running,,1.31,10:30,8:02,7.47,39.0,6,,"","",2012-07-01-112310.gpx
178c3ae8-cac1-456a-8fda-d0454fec2cc0,2012-07-01 10:15:48,Running,,9.32,1:06:56,7:11,8.35,300.0,64,,"","",2012-07-01-101548.gpx
c04c9689-cfd5-4ba7-bdd9-eb84230fb462,2012-06-27 11:29:36,Running,,3.85,25:09,6:32,9.19,127.0,23,,"","",2012-06-27-112936.gpx
d8913f97-8297-43a7-84e7-72048596d805,2012-06-24 10:13:36,Running,,9.50,1:07:03,7:04,8.50,311.0,77,,"","",2012-06-24-101336.gpx
2d23820f-0ace-4da4-bce2-a57182310180,2012-06-20 11:46:07,Running,,4.24,30:18,7:09,8.39,133.0,28,,"","",2012-06-20-114607.gpx
6023e3ec-445f-4f5f-8a23-d1d627aa5144,2012-06-17 10:03:44,Running,,8.65,58:13,6:44,8.91,275.0,55,,"","",2012-06-17-100344.gpx
511c98b8-2613-46d7-824f-e51cd25fa672,2012-06-12 12:34:25,Running,,3.32,24:59,7:32,7.96,105.0,27,,"","",2012-06-12-123425.gpx
af68e29b-f18f-4493-97e9-ed2aeef08416,2012-06-05 10:47:10,Running,,3.47,23:02,6:39,9.03,111.0,23,,"","",2012-06-05-104710.gpx
1c9c2921-1318-4be6-8b74-4c2fcc24409b,2012-06-02 13:26:41,Running,,6.25,43:32,6:58,8.61,198.0,32,,"","",2012-06-02-132641.gpx
dec52200-7bfe-47ac-835a-776363e44893,2012-05-23 12:12:00,Running,,3.16,20:12,6:24,9.39,104.0,20,,"","",2012-05-23-121200.gpx
26d10389-e126-4bc7-b14e-1785ef856c72,2012-05-22 10:31:46,Running,,3.78,25:16,6:41,8.98,124.0,28,,"","",2012-05-22-103146.gpx
a296d587-9a25-4118-962e-23ade11eaf4c,2012-05-20 15:07:15,Running,,5.51,41:32,7:33,7.95,178.0,28,,"","",2012-05-20-150715.gpx
